File Name,Peptide Modified Sequence,Min Start Time,Max End Time,Precursor Charge,PrecursorIsDecoy
2013_1024_1_C5940002269_ABE4869g_201603_0.wiff,HGTVVLTALGGILK,36.39,36.77,2,False
2013_1024_10_C5940018327_ABE4869g_201704_69.wiff,HGTVVLTALGGILK,37.21,37.84,2,False
2013_1024_11_C5940006164_ABE4869g_201707_0.wiff,HGTVVLTALGGILK,36.93,37.28,2,False
2013_1024_12_C5940018371_ABE4869g_201707_69.wiff,HGTVVLTALGGILK,36.59,36.96,2,False
2013_1024_1_C5940002269_ABE4869g_201603_0.wiff,HGTVVLTALGGILK,36.39,36.77,2,False
2013_1024_10_C5940018327_ABE4869g_201704_69.wiff,HGTVVLTALGGILK,37.21,37.84,2,False
2013_1024_11_C5940006164_ABE4869g_201707_0.wiff,HGTVVLTALGGILK,36.93,37.28,2,False
2013_1024_12_C5940018371_ABE4869g_201707_69.wiff,HGTVVLTALGGILK,36.59,36.96,2,False
2013_1024_1_C5940002269_ABE4869g_201603_0.wiff,HGTVVLTALGGILK,36.39,36.77,3,False
2013_1024_10_C5940018327_ABE4869g_201704_69.wiff,HGTVVLTALGGILK,37.21,37.84,3,False
2013_1024_11_C5940006164_ABE4869g_201707_0.wiff,HGTVVLTALGGILK,36.93,37.28,3,False
2013_1024_12_C5940018371_ABE4869g_201707_69.wiff,HGTVVLTALGGILK,36.59,36.96,3,False
2013_1024_1_C5940002269_ABE4869g_201603_0.wiff,HGTVVLTALGGILK,36.39,36.77,3,False
2013_1024_10_C5940018327_ABE4869g_201704_69.wiff,HGTVVLTALGGILK,37.21,37.84,3,False
2013_1024_11_C5940006164_ABE4869g_201707_0.wiff,HGTVVLTALGGILK,36.93,37.28,3,False
2013_1024_12_C5940018371_ABE4869g_201707_69.wiff,HGTVVLTALGGILK,36.59,36.96,3,False
2013_1024_1_C5940002269_ABE4869g_201603_0.wiff,VPQVSTPTLVEVSR,30.1,30.6,2,False
2013_1024_10_C5940018327_ABE4869g_201704_69.wiff,VPQVSTPTLVEVSR,30.39,30.94,2,False
2013_1024_11_C5940006164_ABE4869g_201707_0.wiff,VPQVSTPTLVEVSR,30.15,30.7,2,False
2013_1024_12_C5940018371_ABE4869g_201707_69.wiff,VPQVSTPTLVEVSR,29.67,30.23,2,False
2013_1024_1_C5940002269_ABE4869g_201603_0.wiff,VPQVSTPTLVEVSR,30.1,30.6,2,False
2013_1024_10_C5940018327_ABE4869g_201704_69.wiff,VPQVSTPTLVEVSR,30.39,30.94,2,False
2013_1024_11_C5940006164_ABE4869g_201707_0.wiff,VPQVSTPTLVEVSR,30.15,30.7,2,False
2013_1024_12_C5940018371_ABE4869g_201707_69.wiff,VPQVSTPTLVEVSR,29.67,30.23,2,False
2013_1024_1_C5940002269_ABE4869g_201603_0.wiff,C[+57]LVGEFVSDALLVPDK,42.1,42.5,2,False
2013_1024_10_C5940018327_ABE4869g_201704_69.wiff,C[+57]LVGEFVSDALLVPDK,42.59,43.11,2,False
2013_1024_11_C5940006164_ABE4869g_201707_0.wiff,C[+57]LVGEFVSDALLVPDK,42.44,43,2,False
2013_1024_12_C5940018371_ABE4869g_201707_69.wiff,C[+57]LVGEFVSDALLVPDK,42.27,42.71,2,False
2013_1024_1_C5940002269_ABE4869g_201603_0.wiff,C[+57]LVGEFVSDALLVPDK,42.1,42.5,2,False
2013_1024_10_C5940018327_ABE4869g_201704_69.wiff,C[+57]LVGEFVSDALLVPDK,42.59,43.11,2,False
2013_1024_11_C5940006164_ABE4869g_201707_0.wiff,C[+57]LVGEFVSDALLVPDK,42.44,43,2,False
2013_1024_12_C5940018371_ABE4869g_201707_69.wiff,C[+57]LVGEFVSDALLVPDK,42.27,42.71,2,False
2013_1024_1_C5940002269_ABE4869g_201603_0.wiff,LVFFAEDVGSNK,33.37,33.82,2,False
2013_1024_10_C5940018327_ABE4869g_201704_69.wiff,LVFFAEDVGSNK,34.18,34.63,2,False
2013_1024_11_C5940006164_ABE4869g_201707_0.wiff,LVFFAEDVGSNK,33.56,34.03,2,False
2013_1024_12_C5940018371_ABE4869g_201707_69.wiff,LVFFAEDVGSNK,33.13,33.61,2,False
2013_1024_1_C5940002269_ABE4869g_201603_0.wiff,LVFFAEDVGSNK,33.37,33.82,2,False
2013_1024_10_C5940018327_ABE4869g_201704_69.wiff,LVFFAEDVGSNK,34.18,34.63,2,False
2013_1024_11_C5940006164_ABE4869g_201707_0.wiff,LVFFAEDVGSNK,33.56,34.03,2,False
2013_1024_12_C5940018371_ABE4869g_201707_69.wiff,LVFFAEDVGSNK,33.13,33.61,2,False
2013_1024_1_C5940002269_ABE4869g_201603_0.wiff,LGPLVEQGR,23.06,23.62,2,False
2013_1024_10_C5940018327_ABE4869g_201704_69.wiff,LGPLVEQGR,23.12,23.76,2,False
2013_1024_11_C5940006164_ABE4869g_201707_0.wiff,LGPLVEQGR,22.48,22.97,2,False
2013_1024_12_C5940018371_ABE4869g_201707_69.wiff,LGPLVEQGR,22.1,22.61,2,False
2013_1024_1_C5940002269_ABE4869g_201603_0.wiff,LGPLVEQGR,23.06,23.62,2,False
2013_1024_10_C5940018327_ABE4869g_201704_69.wiff,LGPLVEQGR,23.12,23.76,2,False
2013_1024_11_C5940006164_ABE4869g_201707_0.wiff,LGPLVEQGR,22.48,22.97,2,False
2013_1024_12_C5940018371_ABE4869g_201707_69.wiff,LGPLVEQGR,22.1,22.61,2,False
2013_1024_1_C5940002269_ABE4869g_201603_0.wiff,VQAAVGTSAAPVPSDNH,21.61,22.07,2,False
2013_1024_10_C5940018327_ABE4869g_201704_69.wiff,VQAAVGTSAAPVPSDNH,21.42,22.08,2,False
2013_1024_11_C5940006164_ABE4869g_201707_0.wiff,VQAAVGTSAAPVPSDNH,21.21,21.45,2,False
2013_1024_12_C5940018371_ABE4869g_201707_69.wiff,VQAAVGTSAAPVPSDNH,20.9,21.59,2,False
2013_1024_1_C5940002269_ABE4869g_201603_0.wiff,VQAAVGTSAAPVPSDNH,21.61,22.07,2,False
2013_1024_10_C5940018327_ABE4869g_201704_69.wiff,VQAAVGTSAAPVPSDNH,21.42,22.08,2,False
2013_1024_11_C5940006164_ABE4869g_201707_0.wiff,VQAAVGTSAAPVPSDNH,21.21,21.45,2,False
2013_1024_12_C5940018371_ABE4869g_201707_69.wiff,VQAAVGTSAAPVPSDNH,20.9,21.59,2,False
2013_1024_1_C5940002269_ABE4869g_201603_0.wiff,EAGTLAYYEIC[+57]DFLR,42.23,42.76,2,False
2013_1024_10_C5940018327_ABE4869g_201704_69.wiff,EAGTLAYYEIC[+57]DFLR,42.72,43.29,2,False
2013_1024_11_C5940006164_ABE4869g_201707_0.wiff,EAGTLAYYEIC[+57]DFLR,42.63,43.13,2,False
2013_1024_12_C5940018371_ABE4869g_201707_69.wiff,EAGTLAYYEIC[+57]DFLR,42.44,43.15,2,False
2013_1024_1_C5940002269_ABE4869g_201603_0.wiff,EAGTLAYYEIC[+57]DFLR,42.23,42.76,2,False
2013_1024_10_C5940018327_ABE4869g_201704_69.wiff,EAGTLAYYEIC[+57]DFLR,42.72,43.29,2,False
2013_1024_11_C5940006164_ABE4869g_201707_0.wiff,EAGTLAYYEIC[+57]DFLR,42.63,43.13,2,False
2013_1024_12_C5940018371_ABE4869g_201707_69.wiff,EAGTLAYYEIC[+57]DFLR,42.44,43.15,2,False
2013_1024_1_C5940002269_ABE4869g_201603_0.wiff,SGELEQEEER,16.11,16.48,2,False
2013_1024_10_C5940018327_ABE4869g_201704_69.wiff,SGELEQEEER,16.11,16.84,2,False
2013_1024_11_C5940006164_ABE4869g_201707_0.wiff,SGELEQEEER,16.77,17.25,2,False
2013_1024_12_C5940018371_ABE4869g_201707_69.wiff,SGELEQEEER,16.62,17.11,2,False
2013_1024_1_C5940002269_ABE4869g_201603_0.wiff,SGELEQEEER,16.11,16.48,2,False
2013_1024_10_C5940018327_ABE4869g_201704_69.wiff,SGELEQEEER,16.11,16.84,2,False
2013_1024_11_C5940006164_ABE4869g_201707_0.wiff,SGELEQEEER,16.77,17.25,2,False
2013_1024_12_C5940018371_ABE4869g_201707_69.wiff,SGELEQEEER,16.62,17.11,2,False
2013_1024_1_C5940002269_ABE4869g_201603_0.wiff,AGDFLEANYMNLQR,34.45,34.79,2,False
2013_1024_10_C5940018327_ABE4869g_201704_69.wiff,AGDFLEANYMNLQR,35.08,35.52,2,False
2013_1024_11_C5940006164_ABE4869g_201707_0.wiff,AGDFLEANYMNLQR,35.07,35.41,2,False
2013_1024_12_C5940018371_ABE4869g_201707_69.wiff,AGDFLEANYMNLQR,34.69,35.06,2,False
2013_1024_1_C5940002269_ABE4869g_201603_0.wiff,AGDFLEANYMNLQR,34.45,34.79,2,False
2013_1024_10_C5940018327_ABE4869g_201704_69.wiff,AGDFLEANYMNLQR,35.08,35.52,2,False
2013_1024_11_C5940006164_ABE4869g_201707_0.wiff,AGDFLEANYMNLQR,35.07,35.41,2,False
2013_1024_12_C5940018371_ABE4869g_201707_69.wiff,AGDFLEANYMNLQR,34.69,35.06,2,False
2013_1024_1_C5940002269_ABE4869g_201603_0.wiff,LVGGPMDASVEEEGVR,27.68,28.17,2,False
2013_1024_10_C5940018327_ABE4869g_201704_69.wiff,LVGGPMDASVEEEGVR,27.57,28.22,2,False
2013_1024_11_C5940006164_ABE4869g_201707_0.wiff,LVGGPMDASVEEEGVR,27.39,28.04,2,False
2013_1024_12_C5940018371_ABE4869g_201707_69.wiff,LVGGPMDASVEEEGVR,27.06,27.94,2,False
2013_1024_1_C5940002269_ABE4869g_201603_0.wiff,LVGGPMDASVEEEGVR,27.68,28.17,2,False
2013_1024_10_C5940018327_ABE4869g_201704_69.wiff,LVGGPMDASVEEEGVR,27.57,28.22,2,False
2013_1024_11_C5940006164_ABE4869g_201707_0.wiff,LVGGPMDASVEEEGVR,27.39,28.04,2,False
2013_1024_12_C5940018371_ABE4869g_201707_69.wiff,LVGGPMDASVEEEGVR,27.06,27.94,2,False
2013_1024_1_C5940002269_ABE4869g_201603_0.wiff,IIASVPLAASPAR,28.79,29.42,2,False
2013_1024_10_C5940018327_ABE4869g_201704_69.wiff,IIASVPLAASPAR,28.93,29.6,2,False
2013_1024_11_C5940006164_ABE4869g_201707_0.wiff,IIASVPLAASPAR,28.49,29.3,2,False
2013_1024_12_C5940018371_ABE4869g_201707_69.wiff,IIASVPLAASPAR,28.1,28.92,2,False
2013_1024_1_C5940002269_ABE4869g_201603_0.wiff,IIASVPLAASPAR,28.79,29.42,2,False
2013_1024_10_C5940018327_ABE4869g_201704_69.wiff,IIASVPLAASPAR,28.93,29.6,2,False
2013_1024_11_C5940006164_ABE4869g_201707_0.wiff,IIASVPLAASPAR,28.49,29.3,2,False
2013_1024_12_C5940018371_ABE4869g_201707_69.wiff,IIASVPLAASPAR,28.1,28.92,2,False
2013_1024_1_C5940002269_ABE4869g_201603_0.wiff,APEAQVSVQPNFQQDK,25.15,26.11,2,False
2013_1024_10_C5940018327_ABE4869g_201704_69.wiff,APEAQVSVQPNFQQDK,24.95,25.79,2,False
2013_1024_11_C5940006164_ABE4869g_201707_0.wiff,APEAQVSVQPNFQQDK,24.72,25.8,2,False
2013_1024_12_C5940018371_ABE4869g_201707_69.wiff,APEAQVSVQPNFQQDK,24.3,25.4,2,False
2013_1024_1_C5940002269_ABE4869g_201603_0.wiff,APEAQVSVQPNFQQDK,25.15,26.11,2,False
2013_1024_10_C5940018327_ABE4869g_201704_69.wiff,APEAQVSVQPNFQQDK,24.95,25.79,2,False
2013_1024_11_C5940006164_ABE4869g_201707_0.wiff,APEAQVSVQPNFQQDK,24.72,25.8,2,False
2013_1024_12_C5940018371_ABE4869g_201707_69.wiff,APEAQVSVQPNFQQDK,24.3,25.4,2,False
2013_1024_1_C5940002269_ABE4869g_201603_0.wiff,ILGEELGFASLHDLQLLGK,42.6,42.97,3,False
2013_1024_10_C5940018327_ABE4869g_201704_69.wiff,ILGEELGFASLHDLQLLGK,43.06,43.48,3,False
2013_1024_11_C5940006164_ABE4869g_201707_0.wiff,ILGEELGFASLHDLQLLGK,42.9,43.33,3,False
2013_1024_12_C5940018371_ABE4869g_201707_69.wiff,ILGEELGFASLHDLQLLGK,42.79,43.21,3,False
2013_1024_1_C5940002269_ABE4869g_201603_0.wiff,ILGEELGFASLHDLQLLGK,42.6,42.97,3,False
2013_1024_10_C5940018327_ABE4869g_201704_69.wiff,ILGEELGFASLHDLQLLGK,43.06,43.48,3,False
2013_1024_11_C5940006164_ABE4869g_201707_0.wiff,ILGEELGFASLHDLQLLGK,42.9,43.33,3,False
2013_1024_12_C5940018371_ABE4869g_201707_69.wiff,ILGEELGFASLHDLQLLGK,42.79,43.21,3,False
2013_1024_1_C5940002269_ABE4869g_201603_0.wiff,ASSIIDELFQDR,40.26,40.79,2,False
2013_1024_10_C5940018327_ABE4869g_201704_69.wiff,ASSIIDELFQDR,40.86,41.4,2,False
2013_1024_11_C5940006164_ABE4869g_201707_0.wiff,ASSIIDELFQDR,40.78,41.15,2,False
2013_1024_12_C5940018371_ABE4869g_201707_69.wiff,ASSIIDELFQDR,40.57,40.92,2,False
2013_1024_1_C5940002269_ABE4869g_201603_0.wiff,ASSIIDELFQDR,40.26,40.79,2,False
2013_1024_10_C5940018327_ABE4869g_201704_69.wiff,ASSIIDELFQDR,40.86,41.4,2,False
2013_1024_11_C5940006164_ABE4869g_201707_0.wiff,ASSIIDELFQDR,40.78,41.15,2,False
2013_1024_12_C5940018371_ABE4869g_201707_69.wiff,ASSIIDELFQDR,40.57,40.92,2,False
2013_1024_1_C5940002269_ABE4869g_201603_0.wiff,VFSNGADLSGVTEEAPLK,30.92,31.56,2,False
2013_1024_10_C5940018327_ABE4869g_201704_69.wiff,VFSNGADLSGVTEEAPLK,31.46,31.83,2,False
2013_1024_11_C5940006164_ABE4869g_201707_0.wiff,VFSNGADLSGVTEEAPLK,31.07,31.78,2,False
2013_1024_12_C5940018371_ABE4869g_201707_69.wiff,VFSNGADLSGVTEEAPLK,30.81,31.46,2,False
2013_1024_1_C5940002269_ABE4869g_201603_0.wiff,VFSNGADLSGVTEEAPLK,30.92,31.56,2,False
2013_1024_10_C5940018327_ABE4869g_201704_69.wiff,VFSNGADLSGVTEEAPLK,31.46,31.83,2,False
2013_1024_11_C5940006164_ABE4869g_201707_0.wiff,VFSNGADLSGVTEEAPLK,31.07,31.78,2,False
2013_1024_12_C5940018371_ABE4869g_201707_69.wiff,VFSNGADLSGVTEEAPLK,30.81,31.46,2,False
2013_1024_1_C5940002269_ABE4869g_201603_0.wiff,HQFLLTGDTQGR,24.19,24.69,2,False
2013_1024_10_C5940018327_ABE4869g_201704_69.wiff,HQFLLTGDTQGR,24.42,24.79,2,False
2013_1024_11_C5940006164_ABE4869g_201707_0.wiff,HQFLLTGDTQGR,23.65,24.01,2,False
2013_1024_12_C5940018371_ABE4869g_201707_69.wiff,HQFLLTGDTQGR,23.24,23.74,2,False
2013_1024_1_C5940002269_ABE4869g_201603_0.wiff,HQFLLTGDTQGR,24.19,24.69,2,False
2013_1024_10_C5940018327_ABE4869g_201704_69.wiff,HQFLLTGDTQGR,24.42,24.79,2,False
2013_1024_11_C5940006164_ABE4869g_201707_0.wiff,HQFLLTGDTQGR,23.65,24.01,2,False
2013_1024_12_C5940018371_ABE4869g_201707_69.wiff,HQFLLTGDTQGR,23.24,23.74,2,False
2013_1024_1_C5940002269_ABE4869g_201603_0.wiff,DELAPAGTGVSR,20.63,21.32,2,False
2013_1024_10_C5940018327_ABE4869g_201704_69.wiff,DELAPAGTGVSR,20.5,21.3,2,False
2013_1024_11_C5940006164_ABE4869g_201707_0.wiff,DELAPAGTGVSR,20.65,21.01,2,False
2013_1024_12_C5940018371_ABE4869g_201707_69.wiff,DELAPAGTGVSR,20.36,20.63,2,False
2013_1024_1_C5940002269_ABE4869g_201603_0.wiff,DELAPAGTGVSR,20.63,21.32,2,False
2013_1024_10_C5940018327_ABE4869g_201704_69.wiff,DELAPAGTGVSR,20.5,21.3,2,False
2013_1024_11_C5940006164_ABE4869g_201707_0.wiff,DELAPAGTGVSR,20.65,21.01,2,False
2013_1024_12_C5940018371_ABE4869g_201707_69.wiff,DELAPAGTGVSR,20.36,20.63,2,False
2013_1024_1_C5940002269_ABE4869g_201603_0.wiff,LGADMEDVR,22.29,22.86,2,False
2013_1024_10_C5940018327_ABE4869g_201704_69.wiff,LGADMEDVR,22.25,22.61,2,False
2013_1024_11_C5940006164_ABE4869g_201707_0.wiff,LGADMEDVR,21.84,22.37,2,False
2013_1024_12_C5940018371_ABE4869g_201707_69.wiff,LGADMEDVR,21.47,22.05,2,False
2013_1024_1_C5940002269_ABE4869g_201603_0.wiff,LGADMEDVR,22.29,22.86,2,False
2013_1024_10_C5940018327_ABE4869g_201704_69.wiff,LGADMEDVR,22.25,22.61,2,False
2013_1024_11_C5940006164_ABE4869g_201707_0.wiff,LGADMEDVR,21.84,22.37,2,False
2013_1024_12_C5940018371_ABE4869g_201707_69.wiff,LGADMEDVR,21.47,22.05,2,False
2013_1024_1_C5940002269_ABE4869g_201603_0.wiff,ATVVYQGER,17.91,18.26,2,False
2013_1024_10_C5940018327_ABE4869g_201704_69.wiff,ATVVYQGER,17.85,18.6,2,False
2013_1024_11_C5940006164_ABE4869g_201707_0.wiff,ATVVYQGER,18.08,18.6,2,False
2013_1024_12_C5940018371_ABE4869g_201707_69.wiff,ATVVYQGER,17.94,18.29,2,False
2013_1024_1_C5940002269_ABE4869g_201603_0.wiff,ATVVYQGER,17.91,18.26,2,False
2013_1024_10_C5940018327_ABE4869g_201704_69.wiff,ATVVYQGER,17.85,18.6,2,False
2013_1024_11_C5940006164_ABE4869g_201707_0.wiff,ATVVYQGER,18.08,18.6,2,False
2013_1024_12_C5940018371_ABE4869g_201707_69.wiff,ATVVYQGER,17.94,18.29,2,False
2013_1024_1_C5940002269_ABE4869g_201603_0.wiff,VEHSDLSFSK,20.56,21.18,2,False
2013_1024_10_C5940018327_ABE4869g_201704_69.wiff,VEHSDLSFSK,20.54,21.09,2,False
2013_1024_11_C5940006164_ABE4869g_201707_0.wiff,VEHSDLSFSK,20.25,20.76,2,False
2013_1024_12_C5940018371_ABE4869g_201707_69.wiff,VEHSDLSFSK,19.88,20.45,2,False
2013_1024_1_C5940002269_ABE4869g_201603_0.wiff,VEHSDLSFSK,20.56,21.18,2,False
2013_1024_10_C5940018327_ABE4869g_201704_69.wiff,VEHSDLSFSK,20.54,21.09,2,False
2013_1024_11_C5940006164_ABE4869g_201707_0.wiff,VEHSDLSFSK,20.25,20.76,2,False
2013_1024_12_C5940018371_ABE4869g_201707_69.wiff,VEHSDLSFSK,19.88,20.45,2,False
2013_1024_1_C5940002269_ABE4869g_201603_0.wiff,ALYLQYTDETFR,32.89,33.15,2,False
2013_1024_10_C5940018327_ABE4869g_201704_69.wiff,ALYLQYTDETFR,33.62,34.09,2,False
2013_1024_11_C5940006164_ABE4869g_201707_0.wiff,ALYLQYTDETFR,33.2,33.48,2,False
2013_1024_12_C5940018371_ABE4869g_201707_69.wiff,ALYLQYTDETFR,32.69,33.03,2,False
2013_1024_1_C5940002269_ABE4869g_201603_0.wiff,ALYLQYTDETFR,32.89,33.15,2,False
2013_1024_10_C5940018327_ABE4869g_201704_69.wiff,ALYLQYTDETFR,33.62,34.09,2,False
2013_1024_11_C5940006164_ABE4869g_201707_0.wiff,ALYLQYTDETFR,33.2,33.48,2,False
2013_1024_12_C5940018371_ABE4869g_201707_69.wiff,ALYLQYTDETFR,32.69,33.03,2,False
2013_1024_1_C5940002269_ABE4869g_201603_0.wiff,VLSLAQEQVGGSPEK,26.03,26.49,2,False
2013_1024_10_C5940018327_ABE4869g_201704_69.wiff,VLSLAQEQVGGSPEK,25.78,26.31,2,False
2013_1024_11_C5940006164_ABE4869g_201707_0.wiff,VLSLAQEQVGGSPEK,25.48,25.84,2,False
2013_1024_12_C5940018371_ABE4869g_201707_69.wiff,VLSLAQEQVGGSPEK,25.07,25.41,2,False
2013_1024_1_C5940002269_ABE4869g_201603_0.wiff,VLSLAQEQVGGSPEK,26.03,26.49,2,False
2013_1024_10_C5940018327_ABE4869g_201704_69.wiff,VLSLAQEQVGGSPEK,25.78,26.31,2,False
2013_1024_11_C5940006164_ABE4869g_201707_0.wiff,VLSLAQEQVGGSPEK,25.48,25.84,2,False
2013_1024_12_C5940018371_ABE4869g_201707_69.wiff,VLSLAQEQVGGSPEK,25.07,25.41,2,False
2013_1024_1_C5940002269_ABE4869g_201603_0.wiff,WLLNEFPVFITMDK,45.89,46.11,2,False
2013_1024_10_C5940018327_ABE4869g_201704_69.wiff,WLLNEFPVFITMDK,46.03,46.26,2,False
2013_1024_11_C5940006164_ABE4869g_201707_0.wiff,WLLNEFPVFITMDK,46.04,46.28,2,False
2013_1024_12_C5940018371_ABE4869g_201707_69.wiff,WLLNEFPVFITMDK,46,46.24,2,False
2013_1024_1_C5940002269_ABE4869g_201603_0.wiff,WLLNEFPVFITMDK,45.89,46.11,2,False
2013_1024_10_C5940018327_ABE4869g_201704_69.wiff,WLLNEFPVFITMDK,46.03,46.26,2,False
2013_1024_11_C5940006164_ABE4869g_201707_0.wiff,WLLNEFPVFITMDK,46.04,46.28,2,False
2013_1024_12_C5940018371_ABE4869g_201707_69.wiff,WLLNEFPVFITMDK,46,46.24,2,False
2013_1024_1_C5940002269_ABE4869g_201603_0.wiff,WLLNEFPNFIPTDGR,44.34,44.79,2,False
2013_1024_10_C5940018327_ABE4869g_201704_69.wiff,WLLNEFPNFIPTDGR,44.81,45.15,2,False
2013_1024_11_C5940006164_ABE4869g_201707_0.wiff,WLLNEFPNFIPTDGR,44.62,45.06,2,False
2013_1024_12_C5940018371_ABE4869g_201707_69.wiff,WLLNEFPNFIPTDGR,44.44,44.94,2,False
2013_1024_1_C5940002269_ABE4869g_201603_0.wiff,WLLNEFPNFIPTDGR,44.34,44.79,2,False
2013_1024_10_C5940018327_ABE4869g_201704_69.wiff,WLLNEFPNFIPTDGR,44.81,45.15,2,False
2013_1024_11_C5940006164_ABE4869g_201707_0.wiff,WLLNEFPNFIPTDGR,44.62,45.06,2,False
2013_1024_12_C5940018371_ABE4869g_201707_69.wiff,WLLNEFPNFIPTDGR,44.44,44.94,2,False
2013_1024_1_C5940002269_ABE4869g_201603_0.wiff,YIVSGTPTFVPYLIK,39.76,40.29,2,False
2013_1024_10_C5940018327_ABE4869g_201704_69.wiff,YIVSGTPTFVPYLIK,40.33,40.91,2,False
2013_1024_11_C5940006164_ABE4869g_201707_0.wiff,YIVSGTPTFVPYLIK,40.29,40.86,2,False
2013_1024_12_C5940018371_ABE4869g_201707_69.wiff,YIVSGTPTFVPYLIK,40.14,40.63,2,False
2013_1024_1_C5940002269_ABE4869g_201603_0.wiff,YIVSGTPTFVPYLIK,39.76,40.29,2,False
2013_1024_10_C5940018327_ABE4869g_201704_69.wiff,YIVSGTPTFVPYLIK,40.33,40.91,2,False
2013_1024_11_C5940006164_ABE4869g_201707_0.wiff,YIVSGTPTFVPYLIK,40.29,40.86,2,False
2013_1024_12_C5940018371_ABE4869g_201707_69.wiff,YIVSGTPTFVPYLIK,40.14,40.63,2,False
2013_1024_1_C5940002269_ABE4869g_201603_0.wiff,GENFTETDVK,20.72,21.3,2,False
2013_1024_10_C5940018327_ABE4869g_201704_69.wiff,GENFTETDVK,20.59,21.28,2,False
2013_1024_11_C5940006164_ABE4869g_201707_0.wiff,GENFTETDVK,20.38,21.01,2,False
2013_1024_12_C5940018371_ABE4869g_201707_69.wiff,GENFTETDVK,20.12,20.65,2,False
2013_1024_1_C5940002269_ABE4869g_201603_0.wiff,GENFTETDVK,20.72,21.3,2,False
2013_1024_10_C5940018327_ABE4869g_201704_69.wiff,GENFTETDVK,20.59,21.28,2,False
2013_1024_11_C5940006164_ABE4869g_201707_0.wiff,GENFTETDVK,20.38,21.01,2,False
2013_1024_12_C5940018371_ABE4869g_201707_69.wiff,GENFTETDVK,20.12,20.65,2,False
2013_1024_1_C5940002269_ABE4869g_201603_0.wiff,VVEQMC[+57]ITQYER,27.83,28.25,2,False
2013_1024_10_C5940018327_ABE4869g_201704_69.wiff,VVEQMC[+57]ITQYER,27.83,28.29,2,False
2013_1024_11_C5940006164_ABE4869g_201707_0.wiff,VVEQMC[+57]ITQYER,27.54,28.16,2,False
2013_1024_12_C5940018371_ABE4869g_201707_69.wiff,VVEQMC[+57]ITQYER,27.22,27.81,2,False
2013_1024_1_C5940002269_ABE4869g_201603_0.wiff,VVEQMC[+57]ITQYER,27.83,28.25,2,False
2013_1024_10_C5940018327_ABE4869g_201704_69.wiff,VVEQMC[+57]ITQYER,27.83,28.29,2,False
2013_1024_11_C5940006164_ABE4869g_201707_0.wiff,VVEQMC[+57]ITQYER,27.54,28.16,2,False
2013_1024_12_C5940018371_ABE4869g_201707_69.wiff,VVEQMC[+57]ITQYER,27.22,27.81,2,False
2013_1024_1_C5940002269_ABE4869g_201603_0.wiff,YWGVASFLQK,37.13,37.47,2,False
2013_1024_10_C5940018327_ABE4869g_201704_69.wiff,YWGVASFLQK,38.02,38.41,2,False
2013_1024_11_C5940006164_ABE4869g_201707_0.wiff,YWGVASFLQK,37.37,37.72,2,False
2013_1024_12_C5940018371_ABE4869g_201707_69.wiff,YWGVASFLQK,37.11,37.43,2,False
2013_1024_1_C5940002269_ABE4869g_201603_0.wiff,YWGVASFLQK,37.13,37.47,2,False
2013_1024_10_C5940018327_ABE4869g_201704_69.wiff,YWGVASFLQK,38.02,38.41,2,False
2013_1024_11_C5940006164_ABE4869g_201707_0.wiff,YWGVASFLQK,37.37,37.72,2,False
2013_1024_12_C5940018371_ABE4869g_201707_69.wiff,YWGVASFLQK,37.11,37.43,2,False
2013_1024_1_C5940002269_ABE4869g_201603_0.wiff,AVVVHAGEDDLGR,21.31,21.78,2,False
2013_1024_10_C5940018327_ABE4869g_201704_69.wiff,AVVVHAGEDDLGR,21.16,21.7,2,False
2013_1024_11_C5940006164_ABE4869g_201707_0.wiff,AVVVHAGEDDLGR,20.78,21.42,2,False
2013_1024_12_C5940018371_ABE4869g_201707_69.wiff,AVVVHAGEDDLGR,20.47,20.87,2,False
2013_1024_1_C5940002269_ABE4869g_201603_0.wiff,AVVVHAGEDDLGR,21.31,21.78,2,False
2013_1024_10_C5940018327_ABE4869g_201704_69.wiff,AVVVHAGEDDLGR,21.16,21.7,2,False
2013_1024_11_C5940006164_ABE4869g_201707_0.wiff,AVVVHAGEDDLGR,20.78,21.42,2,False
2013_1024_12_C5940018371_ABE4869g_201707_69.wiff,AVVVHAGEDDLGR,20.47,20.87,2,False
2013_1024_1_C5940002269_ABE4869g_201603_0.wiff,LDTLAQEVALLK,37.1,37.35,2,False
2013_1024_10_C5940018327_ABE4869g_201704_69.wiff,LDTLAQEVALLK,37.98,38.24,2,False
2013_1024_11_C5940006164_ABE4869g_201707_0.wiff,LDTLAQEVALLK,37.32,37.63,2,False
2013_1024_12_C5940018371_ABE4869g_201707_69.wiff,LDTLAQEVALLK,37.08,37.35,2,False
2013_1024_1_C5940002269_ABE4869g_201603_0.wiff,LDTLAQEVALLK,37.1,37.35,2,False
2013_1024_10_C5940018327_ABE4869g_201704_69.wiff,LDTLAQEVALLK,37.98,38.24,2,False
2013_1024_11_C5940006164_ABE4869g_201707_0.wiff,LDTLAQEVALLK,37.32,37.63,2,False
2013_1024_12_C5940018371_ABE4869g_201707_69.wiff,LDTLAQEVALLK,37.08,37.35,2,False
2013_1024_1_C5940002269_ABE4869g_201603_0.wiff,DGAGDVAFVK,24.27,24.68,2,False
2013_1024_10_C5940018327_ABE4869g_201704_69.wiff,DGAGDVAFVK,24.37,25.07,2,False
2013_1024_11_C5940006164_ABE4869g_201707_0.wiff,DGAGDVAFVK,23.93,24.59,2,False
2013_1024_12_C5940018371_ABE4869g_201707_69.wiff,DGAGDVAFVK,23.66,24.2,2,False
2013_1024_1_C5940002269_ABE4869g_201603_0.wiff,DGAGDVAFVK,24.27,24.68,2,False
2013_1024_10_C5940018327_ABE4869g_201704_69.wiff,DGAGDVAFVK,24.37,25.07,2,False
2013_1024_11_C5940006164_ABE4869g_201707_0.wiff,DGAGDVAFVK,23.93,24.59,2,False
2013_1024_12_C5940018371_ABE4869g_201707_69.wiff,DGAGDVAFVK,23.66,24.2,2,False
2013_1024_1_C5940002269_ABE4869g_201603_0.wiff,AADDTWEPFASGK,30.61,31.18,2,False
2013_1024_10_C5940018327_ABE4869g_201704_69.wiff,AADDTWEPFASGK,30.86,31.7,2,False
2013_1024_11_C5940006164_ABE4869g_201707_0.wiff,AADDTWEPFASGK,30.7,31.38,2,False
2013_1024_12_C5940018371_ABE4869g_201707_69.wiff,AADDTWEPFASGK,30.17,30.82,2,False
2013_1024_1_C5940002269_ABE4869g_201603_0.wiff,AADDTWEPFASGK,30.61,31.18,2,False
2013_1024_10_C5940018327_ABE4869g_201704_69.wiff,AADDTWEPFASGK,30.86,31.7,2,False
2013_1024_11_C5940006164_ABE4869g_201707_0.wiff,AADDTWEPFASGK,30.7,31.38,2,False
2013_1024_12_C5940018371_ABE4869g_201707_69.wiff,AADDTWEPFASGK,30.17,30.82,2,False
2013_1024_1_C5940002269_ABE4869g_201603_0.wiff,GGPFSDSYR,22.27,23.31,2,False
2013_1024_10_C5940018327_ABE4869g_201704_69.wiff,GGPFSDSYR,22.19,23.36,2,False
2013_1024_11_C5940006164_ABE4869g_201707_0.wiff,GGPFSDSYR,21.81,22.71,2,False
2013_1024_12_C5940018371_ABE4869g_201707_69.wiff,GGPFSDSYR,21.53,22.35,2,False
2013_1024_1_C5940002269_ABE4869g_201603_0.wiff,GGPFSDSYR,22.27,23.31,2,False
2013_1024_10_C5940018327_ABE4869g_201704_69.wiff,GGPFSDSYR,22.19,23.36,2,False
2013_1024_11_C5940006164_ABE4869g_201707_0.wiff,GGPFSDSYR,21.81,22.71,2,False
2013_1024_12_C5940018371_ABE4869g_201707_69.wiff,GGPFSDSYR,21.53,22.35,2,False
2013_1024_1_C5940002269_ABE4869g_201603_0.wiff,AVQQPDGLAVLGIFLK,45.41,45.7,2,False
2013_1024_10_C5940018327_ABE4869g_201704_69.wiff,AVQQPDGLAVLGIFLK,45.65,45.98,2,False
2013_1024_11_C5940006164_ABE4869g_201707_0.wiff,AVQQPDGLAVLGIFLK,45.67,45.99,2,False
2013_1024_12_C5940018371_ABE4869g_201707_69.wiff,AVQQPDGLAVLGIFLK,45.59,45.92,2,False
2013_1024_1_C5940002269_ABE4869g_201603_0.wiff,AVQQPDGLAVLGIFLK,45.41,45.7,2,False
2013_1024_10_C5940018327_ABE4869g_201704_69.wiff,AVQQPDGLAVLGIFLK,45.65,45.98,2,False
2013_1024_11_C5940006164_ABE4869g_201707_0.wiff,AVQQPDGLAVLGIFLK,45.67,45.99,2,False
2013_1024_12_C5940018371_ABE4869g_201707_69.wiff,AVQQPDGLAVLGIFLK,45.59,45.92,2,False
2013_1024_1_C5940002269_ABE4869g_201603_0.wiff,TYFPHFDLSHGSAQVK,32.78,33.16,2,False
2013_1024_10_C5940018327_ABE4869g_201704_69.wiff,TYFPHFDLSHGSAQVK,31.46,31.79,2,False
2013_1024_11_C5940006164_ABE4869g_201707_0.wiff,TYFPHFDLSHGSAQVK,30.32,30.63,2,False
2013_1024_12_C5940018371_ABE4869g_201707_69.wiff,TYFPHFDLSHGSAQVK,29.64,30.17,2,False
2013_1024_1_C5940002269_ABE4869g_201603_0.wiff,TYFPHFDLSHGSAQVK,32.78,33.16,2,False
2013_1024_10_C5940018327_ABE4869g_201704_69.wiff,TYFPHFDLSHGSAQVK,31.46,31.79,2,False
2013_1024_11_C5940006164_ABE4869g_201707_0.wiff,TYFPHFDLSHGSAQVK,30.32,30.63,2,False
2013_1024_12_C5940018371_ABE4869g_201707_69.wiff,TYFPHFDLSHGSAQVK,29.64,30.17,2,False
2013_1024_1_C5940002269_ABE4869g_201603_0.wiff,LLGNVLVC[+57]VLAHHFGK,40.92,41.2,3,False
2013_1024_10_C5940018327_ABE4869g_201704_69.wiff,LLGNVLVC[+57]VLAHHFGK,41.59,41.9,3,False
2013_1024_11_C5940006164_ABE4869g_201707_0.wiff,LLGNVLVC[+57]VLAHHFGK,41,41.3,3,False
2013_1024_12_C5940018371_ABE4869g_201707_69.wiff,LLGNVLVC[+57]VLAHHFGK,40.75,41.04,3,False
2013_1024_1_C5940002269_ABE4869g_201603_0.wiff,LLGNVLVC[+57]VLAHHFGK,40.92,41.2,3,False
2013_1024_10_C5940018327_ABE4869g_201704_69.wiff,LLGNVLVC[+57]VLAHHFGK,41.59,41.9,3,False
2013_1024_11_C5940006164_ABE4869g_201707_0.wiff,LLGNVLVC[+57]VLAHHFGK,41,41.3,3,False
2013_1024_12_C5940018371_ABE4869g_201707_69.wiff,LLGNVLVC[+57]VLAHHFGK,40.75,41.04,3,False
2013_1024_1_C5940002269_ABE4869g_201603_0.wiff,VIPAC[+57]LPSPNYVVADR,32.44,32.98,2,False
2013_1024_10_C5940018327_ABE4869g_201704_69.wiff,VIPAC[+57]LPSPNYVVADR,33.11,33.73,2,False
2013_1024_11_C5940006164_ABE4869g_201707_0.wiff,VIPAC[+57]LPSPNYVVADR,32.79,33.36,2,False
2013_1024_12_C5940018371_ABE4869g_201707_69.wiff,VIPAC[+57]LPSPNYVVADR,32.28,32.93,2,False
2013_1024_1_C5940002269_ABE4869g_201603_0.wiff,VIPAC[+57]LPSPNYVVADR,32.44,32.98,2,False
2013_1024_10_C5940018327_ABE4869g_201704_69.wiff,VIPAC[+57]LPSPNYVVADR,33.11,33.73,2,False
2013_1024_11_C5940006164_ABE4869g_201707_0.wiff,VIPAC[+57]LPSPNYVVADR,32.79,33.36,2,False
2013_1024_12_C5940018371_ABE4869g_201707_69.wiff,VIPAC[+57]LPSPNYVVADR,32.28,32.93,2,False
